Year,Month,Day,storage_organs [kg/ha] 
1994,6,14,1523.29693096
1994,7,26,8552.02374458
1998,6,9,1829.01280796
