Year,Month,Day,storage_organs [kg/ha] 
1994,6,14,1576.95799374
1994,7,26,9703.9467205
1998,6,9,2076.52889267
