Year,Month,Day,storage_organs [kg/ha] 
1994,5,26,28.7281303141
1994,6,14,1488.92435013
1994,7,26,7382.8775646
1998,6,9,1367.02153898
