Year,Month,Day,root[dry matter(kg/ha)]
1994,3,9,0.0
1994,4,19,39.1993581073
1994,5,26,649.268558985
1994,6,14,804.073463494
